base	--nsub 8 --sizes 200 --diag 2 --div-old 0.12 --div-young 0.03
diag1	--nsub 8 --sizes 200 --diag 1 --div-old 0.12 --div-young 0.03
diag5	--nsub 8 --sizes 200 --diag 5 --div-old 0.12 --div-young 0.03
indel	--nsub 8 --sizes 200 --diag 2 --indel-frac 0.6 --div-old 0.12 --div-young 0.03
trunc	--nsub 8 --sizes 200 --diag 2 --trunc 0.3 --trunc-max 0.4 --div-old 0.12 --div-young 0.03
rare	--nsub 8 --sizes 300,300,300,300,300,40,20,10 --diag 2 --div-old 0.12 --div-young 0.03
conv	--nsub 8 --sizes 200 --diag 2 --conv 0.1 --div-old 0.12 --div-young 0.03
old	--nsub 8 --sizes 200 --diag 2 --div-old 0.22 --div-young 0.10
young	--nsub 8 --sizes 200 --diag 2 --div-old 0.05 --div-young 0.01
revcomp	--nsub 8 --sizes 200 --diag 2 --revcomp 0.5 --div-old 0.12 --div-young 0.03
large	--nsub 8 --sizes 2000 --diag 2 --div-old 0.12 --div-young 0.03	1
large_diag1	--nsub 8 --sizes 2000 --diag 1 --div-old 0.12 --div-young 0.03	1
large_rare	--nsub 8 --sizes 4000,4000,4000,4000,2000,300,100,50 --diag 2 --div-old 0.12 --div-young 0.03	1
