species	family	n_copies	consensus_cpg_share	median_raw_p	median_cpg_adj_p	spearman_raw_vs_adj	bin_change_share
ccr	ccr_a_ccr	100	NA	NA	NA	NA	NA
ccr	ccr_g1_180seqs	100	NA	NA	NA	NA	NA
ccr	ccr_g2_103seqs	100	NA	NA	NA	NA	NA
ccr	ccr_g3_71seqs	100	NA	NA	NA	NA	NA
ccr	ccr_g4_77seqs	100	NA	NA	NA	NA	NA
ccr	ccr_g5_7seqs	100	NA	NA	NA	NA	NA
ccr	ccr_g6_58seqs	100	NA	NA	NA	NA	NA
ccr	ccr_g7_3seqs	100	NA	NA	NA	NA	NA
cse	cse_MEG-RL	8	0.011494252874	0.334408602151	0.334408602151	1.0	0.0
cse	cse_MEG-RS	101	0.142857142857	0.112781954887	0.087037037037	0.998651828633	0.039603960396
cse	cse_MEG-T2	101	0.329113924051	0.396624472574	0.341125541126	0.95066528081	0.316831683168
cse	cse_MEG-TR	16	0.146788990826	0.403000594177	0.371859217172	0.970588235294	0.375
cse	cse_Rhin-1	101	0.054347826087	0.150837988827	0.133908045977	0.995283669187	0.158415841584
cse	cse_VES	101	0.092165898618	0.064516129032	0.047004608295	0.867142100299	0.386138613861
cth	cth_MEG-RL	22	0.044198895028	0.307757507265	0.296314982241	0.99209486166	0.090909090909
cth	cth_MEG-RS	101	0.125	0.1640625	0.1265625	0.978278894177	0.247524752475
cth	cth_MEG-T2	69	0.277777777778	0.4	0.351428571429	0.939521293999	0.420289855072
cth	cth_MEG-TR	35	0.120689655172	0.425287356322	0.408737864078	0.987322269005	0.228571428571
cth	cth_Rhin-1	101	0.064724919094	0.159468438538	0.142345276873	0.992970051792	0.079207920792
cth	cth_VES	101	0.09756097561	0.073891625616	0.061083743842	0.960352678143	0.287128712871
dmo	dmo_d1_16seqs	100	NA	NA	NA	NA	NA
dmo	dmo_d2_8seqs	100	NA	NA	NA	NA	NA
dmo	dmo_d3_38seqs	100	NA	NA	NA	NA	NA
dmo	dmo_d4_266seqs	100	NA	NA	NA	NA	NA
dmo	dmo_d5_268seqs	100	NA	NA	NA	NA	NA
eri	eri_e1-1	100	0.037735849057	0.037735849057	0.026729559748	0.926617436246	0.27
eri	eri_e1-2	100	0.0	0.167630057803	0.167630057803	1.0	0.0
eri	eri_e1-3consensus_32seqs	100	0.014084507042	0.169014084507	0.163028169014	0.988597425869	0.13
eri	eri_e1-4	100	0.051282051282	0.005128205128	0.005128205128	NA	0.0
eri	eri_e2-1	100	0.010204081633	0.071428571429	0.071428571429	0.981526126549	0.16
eri	eri_e2-2	100	0.0	0.010204081633	0.010204081633	1.0	0.0
eri	eri_e2-3	100	0.147783251232	0.029556650246	0.020493342438	0.897696791765	0.32
eri	eri_e2-4	100	0.10152284264	0.132653061224	0.105102040816	0.800825220043	0.51
fho	fho_MEG-RL	9	0.0	0.364238410596	0.364238410596	1.0	0.0
fho	fho_MEG-RS	101	0.146153846154	0.146153846154	0.115384615385	0.997240214994	0.059405940594
fho	fho_MEG-T2	101	0.322314049587	0.393162393162	0.341379310345	0.919040450603	0.405940594059
fho	fho_MEG-TR	24	0.145161290323	0.423735581189	0.398899733807	0.973913043478	0.166666666667
fho	fho_Rhin-1	101	0.035087719298	0.157894736842	0.150299401198	0.988307312576	0.09900990099
fho	fho_VES	101	0.053811659193	0.110091743119	0.095515695067	0.973184440306	0.237623762376
gpy	gpy_d1_16seqs	100	NA	NA	NA	NA	NA
gpy	gpy_d2_8seqs	100	NA	NA	NA	NA	NA
gpy	gpy_d3_38seqs	100	NA	NA	NA	NA	NA
gpy	gpy_d4_266seqs	100	NA	NA	NA	NA	NA
gpy	gpy_d5_268seqs	100	NA	NA	NA	NA	NA
hla	hla_MEG-RL	101	0.094117647059	0.052941176471	0.042603550296	0.991205413359	0.09900990099
hla	hla_MEG-RS	101	0.06976744186	0.262295081967	0.262295081967	0.994331980147	0.118811881188
hla	hla_MEG-T2	91	0.192	0.404958677686	0.37619047619	0.962492385189	0.351648351648
hla	hla_MEG-TR	101	0.091194968553	0.074862096139	0.065669291339	0.991660144253	0.108910891089
hla	hla_Rhin-1	101	0.066298342541	0.077348066298	0.067222222222	0.957184872251	0.376237623762
hla	hla_VES	43	0.073170731707	0.375796178344	0.364331210191	0.989391022716	0.093023255814
hum	hum_7SLRNA	100	0.15	0.15	0.09390625	0.922628125043	0.34
hum	hum_ASR	77	0.101694915254	0.220338983051	0.189830508475	0.992244780236	0.12987012987
hum	hum_AluJb_short	100	0.145695364238	0.132450331126	0.081456953642	0.715691575745	0.54
hum	hum_AluJb	100	0.160256410256	0.125	0.071634615385	0.629514549126	0.6
hum	hum_AluJo	100	0.147435897436	0.160256410256	0.105457477945	0.859652179729	0.46
hum	hum_AluJr4	100	0.141025641026	0.151369152578	0.099038461538	0.80891823464	0.49
hum	hum_AluJr	100	0.147435897436	0.151125401929	0.097596153846	0.738750923649	0.51
hum	hum_AluSc5	100	0.142394822006	0.071197411003	0.043042071197	0.593775710121	0.64
hum	hum_AluSc8	100	0.16077170418	0.067524115756	0.038585209003	0.447725559346	0.6
hum	hum_AluSc	100	0.155339805825	0.061588492414	0.03786407767	0.373310557659	0.76
hum	hum_AluSg4	100	0.154838709677	0.096774193548	0.055967741935	0.740390265863	0.53
hum	hum_AluSg7	100	0.135922330097	0.067961165049	0.04142394822	0.693959667675	0.47
hum	hum_AluSg	66	0.161290322581	0.132472074329	0.08239116818	0.916207328519	0.393939393939
hum	hum_AluSp	100	0.14696485623	0.060897435897	0.034935897436	0.543618764663	0.62
hum	hum_AluSq10	100	0.140575079872	0.076677316294	0.045279859916	0.750505341182	0.58
hum	hum_AluSq2	100	0.14696485623	0.083067092652	0.046796379812	0.500327826628	0.67
hum	hum_AluSq4	100	0.147909967846	0.093397987761	0.055948553055	0.774445569049	0.65
hum	hum_AluSq	100	0.140575079872	0.089600229377	0.054632587859	0.674110607957	0.59
hum	hum_AluSx1	100	0.147435897436	0.113088278281	0.066613591393	0.823914622256	0.52
hum	hum_AluSx3	100	0.16077170418	0.086816720257	0.049678456592	0.544509637248	0.68
hum	hum_AluSx4	100	0.161290322581	0.077419354839	0.040483870968	0.528412298613	0.65
hum	hum_AluSx_short	6	0.158940397351	0.204628589189	0.149103449925	1.0	0.0
hum	hum_AluSx	100	0.153846153846	0.102564102564	0.056821976255	0.753553073603	0.57
hum	hum_AluSz6	100	0.160256410256	0.106109324759	0.059935897436	0.668926632639	0.68
hum	hum_AluSz	100	0.153846153846	0.096308434331	0.055216835683	0.753063105415	0.54
hum	hum_AluY_short	88	0.166112956811	0.073211517165	0.04584717608	0.75696584574	0.522727272727
hum	hum_AluY	60	0.16077170418	0.090311791995	0.055668176103	0.848478971143	0.45
hum	hum_AluYa5	100	0.154340836013	0.003215434084	0.000321543408	0.971802370805	0.1
hum	hum_AluYa8	35	0.154838709677	0.01935483871	0.01935483871	0.97686165052	0.228571428571
hum	hum_AluYb8	100	0.150943396226	0.012578616352	0.009748427673	0.941064531796	0.34
hum	hum_AluYb9	21	0.14465408805	0.022012578616	0.019182389937	0.990547085999	0.238095238095
hum	hum_AluYc3	100	0.166666666667	0.045072463768	0.031	0.872667197448	0.5
hum	hum_AluYc	100	0.173913043478	0.046822742475	0.028929765886	0.590878667996	0.65
hum	hum_AluYd8	100	0.173913043478	0.016722408027	0.016722408027	0.974015553911	0.2
hum	hum_AluYe5	100	0.161290322581	0.029032258065	0.019193548387	0.947440546134	0.23
hum	hum_AluYe6	1	0.167741935484	0.366515837104	0.333936651584	NA	0.0
hum	hum_AluYg6	100	0.16077170418	0.016129032258	0.010483870968	0.837329834756	0.49
hum	hum_AluYh3	86	0.147909967846	0.057877813505	0.038585209003	0.953507332792	0.302325581395
hum	hum_AluYh7	14	0.16077170418	0.249818774918	0.214277362688	0.995604395604	0.0
hum	hum_AluYh9	39	0.154340836013	0.132911392405	0.104430379747	0.971200082228	0.205128205128
hum	hum_AluYi6	100	0.154340836013	0.019292604502	0.013504823151	0.930421796917	0.45
hum	hum_AluYk11	100	0.141479099678	0.028985582408	0.023954983923	0.95413642732	0.29
hum	hum_AluYk12	81	0.128617363344	0.019292604502	0.016077170418	0.983961039788	0.197530864198
hum	hum_AluYk3	9	0.154340836013	0.295154185022	0.267400881057	0.966666666667	0.0
hum	hum_AluYk4	100	0.167202572347	0.063404340836	0.04115755627	0.760619063764	0.6
hum	hum_AluYm1	77	0.154340836013	0.074193548387	0.045337620579	0.854592199552	0.519480519481
hum	hum_AmnSINE1	9	0.059130434783	0.466055045872	0.439633027523	0.983333333333	0.222222222222
hum	hum_AmnSINE2	13	0.078212290503	0.416666666667	0.379166666667	0.994505494505	0.0
hum	hum_BC200	100	0.110344827586	0.0625	0.043902972028	0.733458619384	0.59
hum	hum_CAS	87	0.142857142857	0.265306122449	0.24693877551	0.995090594398	0.137931034483
hum	hum_FAM	100	0.162162162162	0.172972972973	0.113513513514	0.695163680605	0.6
hum	hum_FLAM_A	100	0.169014084507	0.154929577465	0.092957746479	0.706840340956	0.49
hum	hum_FLAM_C_short	100	0.15037593985	0.127819548872	0.081203007519	0.72890085644	0.69
hum	hum_FLAM_C	100	0.13986013986	0.111888111888	0.06993006993	0.639176580773	0.55
hum	hum_FRAM_short	100	0.180722891566	0.174698795181	0.106983147313	0.787259574352	0.43
hum	hum_FRAM	100	0.159090909091	0.159090909091	0.101988636364	0.815847081492	0.58
hum	hum_LFSINE_Vert	23	0.047930283224	0.412060301508	0.396882494005	0.98814229249	0.260869565217
hum	hum_LmeSINE1c	14	0.082644628099	0.542997542998	0.531512605042	0.946095181963	0.142857142857
hum	hum_MIR1_Amn	100	0.017391304348	0.43680432645	0.430329342584	0.991763509414	0.11
hum	hum_MIR3	100	0.019230769231	0.331658291457	0.325930476559	0.984925680787	0.14
hum	hum_MIR	100	0.038167938931	0.236794506269	0.22137254902	0.970600329024	0.26
hum	hum_MIRb	100	0.05223880597	0.300380228137	0.280191129945	0.960816379529	0.25
hum	hum_MIRc	100	0.029850746269	0.320387910232	0.310629938937	0.984889039688	0.13
hum	hum_MamSINE1	100	0.089655172414	0.386621786348	0.353487851089	0.966674168107	0.22
lly	lly_MEG-RL	30	0.126984126984	0.2981910684	0.275487563595	0.991546162403	0.066666666667
lly	lly_MEG-RS	101	0.068965517241	0.121495327103	0.107079646018	0.996774508853	0.079207920792
lly	lly_MEG-T2	86	0.324786324786	0.373913043478	0.326886792453	0.932887998355	0.360465116279
lly	lly_MEG-TR	101	0.107142857143	0.230303030303	0.206962025316	0.996572314092	0.019801980198
lly	lly_Rhin-1	101	0.061538461538	0.223076923077	0.209230769231	0.975118916877	0.188118811881
lly	lly_VES	12	0.0	0.389402173913	0.389402173913	1.0	0.0
mau	mau_MEG-RL	15	0.07299270073	0.317829457364	0.303875968992	0.996428571429	0.0
mau	mau_MEG-RS	101	0.14	0.181818181818	0.142	0.981494073163	0.188118811881
mau	mau_MEG-T2	41	0.285714285714	0.380952380952	0.344761904762	0.925966316116	0.365853658537
mau	mau_MEG-TR	22	0.138461538462	0.37507533362	0.345514421007	0.968361581921	0.181818181818
mau	mau_Rhin-1	101	0.052287581699	0.164473684211	0.152739726027	0.988312392081	0.138613861386
mau	mau_VES	101	0.110599078341	0.119815668203	0.094907407407	0.891770779598	0.405940594059
mev	mev_MEG-RL	9	0.056497175141	0.35	0.344375	1.0	0.0
mev	mev_MEG-RS	101	0.142857142857	0.14406779661	0.113636363636	0.991689738553	0.158415841584
mev	mev_MEG-T2	101	0.238095238095	0.378151260504	0.338211382114	0.946653542562	0.29702970297
mev	mev_MEG-TR	28	0.081967213115	0.464182922929	0.436192836585	0.996706915477	0.071428571429
mev	mev_Rhin-1	101	0.044444444444	0.155555555556	0.140697674419	0.990517574458	0.188118811881
mev	mev_VES	101	0.081818181818	0.022727272727	0.014611872146	0.741385768184	0.534653465347
mgi	mgi_MEG-RL	20	0.067567567568	0.266089763946	0.254678530425	0.983458646617	0.2
mgi	mgi_MEG-RS	101	0.119402985075	0.293233082707	0.256910569106	0.996251151618	0.039603960396
mgi	mgi_MEG-T2	71	0.315789473684	0.428571428571	0.387619047619	0.925766317731	0.366197183099
mgi	mgi_MEG-TR	40	0.06976744186	0.277307873816	0.258724072451	0.991133837934	0.2
mgi	mgi_Rhin-1	101	0.029411764706	0.2	0.194776119403	0.991423137914	0.108910891089
mgi	mgi_VES	13	0.044776119403	0.372093023256	0.371681415929	0.989010989011	0.307692307692
mme	mme_MEG-RL	18	0.056074766355	0.393548387097	0.380462254739	0.979360165119	0.111111111111
mme	mme_MEG-RS	101	0.083333333333	0.232142857143	0.214406779661	0.978920363386	0.188118811881
mme	mme_MEG-T2	57	0.308333333333	0.411764705882	0.369911504425	0.960474503615	0.368421052632
mme	mme_MEG-TR	27	0.141592920354	0.412371134021	0.372815533981	0.972056813897	0.259259259259
mme	mme_Rhin-1	101	0.033898305085	0.16384180791	0.152023121387	0.993824407533	0.049504950495
mme	mme_VES	101	0.053571428571	0.109090909091	0.095945945946	0.968838355106	0.227722772277
msc	msc_MEG-RL	13	0.062111801242	0.375	0.369444444444	0.906593406593	0.384615384615
msc	msc_MEG-RS	91	0.162601626016	0.20325203252	0.166666666667	0.998020169282	0.054945054945
msc	msc_MEG-T2	101	0.339805825243	0.401960784314	0.353684210526	0.932854147372	0.306930693069
msc	msc_MEG-TR	20	0.277227722772	0.366563467492	0.336458333333	0.886714402282	0.2
msc	msc_Rhin-1	101	0.0625	0.136363636364	0.116774193548	0.97629967583	0.29702970297
msc	msc_VES	101	0.076923076923	0.141463414634	0.126633165829	0.973518049123	0.267326732673
mtu	mtu_MEG-RL	10	0.141843971631	0.351411989949	0.334588394858	0.951515151515	0.2
mtu	mtu_MEG-RS	101	0.106557377049	0.166666666667	0.153781512605	0.978460044116	0.207920792079
mtu	mtu_MEG-T2	101	0.348484848485	0.3828125	0.322047244094	0.885085391598	0.445544554455
mtu	mtu_MEG-TR	27	0.246153846154	0.027692307692	0.024923076923	0.984053971174	0.148148148148
mtu	mtu_Rhin-1	101	0.053191489362	0.154255319149	0.141011235955	0.982756062881	0.217821782178
mtu	mtu_VES	101	0.117117117117	0.094594594595	0.07027027027	0.928876418012	0.326732673267
nle	nle_MEG-RL	15	0.024844720497	0.358778625954	0.358778625954	0.996428571429	0.133333333333
nle	nle_MEG-RS	101	0.106870229008	0.162393162393	0.1375	0.986610460543	0.207920792079
nle	nle_MEG-T2	101	0.35	0.422413793103	0.36	0.889215727017	0.376237623762
nle	nle_MEG-TR	78	0.042253521127	0.221428571429	0.219869215292	0.996616730144	0.102564102564
nle	nle_Rhin-1	101	0.033519553073	0.177631578947	0.169375	0.994149560454	0.148514851485
nle	nle_VES	101	0.036036036036	0.133027522936	0.120183486239	0.970764022362	0.267326732673
nth	nth_MEG-RL	11	0.058479532164	0.286624203822	0.269426751592	0.981818181818	0.0
nth	nth_MEG-RS	101	0.05504587156	0.148148148148	0.139814814815	0.994060304603	0.326732673267
nth	nth_MEG-T2	101	0.311320754717	0.424242424242	0.364948453608	0.894626025299	0.435643564356
nth	nth_MEG-TR	76	0.150943396226	0.164848246991	0.152002878074	0.995572800168	0.078947368421
nth	nth_Rhin-1	101	0.032786885246	0.173333333333	0.166850828729	0.992483393912	0.09900990099
nth	nth_VES	101	0.060606060606	0.192893401015	0.183854166667	0.986170364605	0.19801980198
ntu	ntu_MEG-RL	7	0.073170731707	0.364238410596	0.3625	0.964285714286	0.285714285714
ntu	ntu_MEG-RS	101	0.082644628099	0.371428571429	0.360683760684	0.989989714381	0.118811881188
ntu	ntu_MEG-T2	79	0.279069767442	0.394957983193	0.352884615385	0.919506792229	0.392405063291
ntu	ntu_MEG-TR	17	0.145695364238	0.390977443609	0.357142857143	0.980993440057	0.058823529412
ntu	ntu_Rhin-1	101	0.060240963855	0.111842105263	0.096987951807	0.971008311516	0.247524752475
ntu	ntu_VES	101	0.090909090909	0.031818181818	0.027727272727	0.963146234928	0.247524752475
rda	rda_MEG-RL	16	0.043165467626	0.338576379632	0.328063826854	0.985294117647	0.25
rda	rda_MEG-RS	33	0.07	0.371134020619	0.361855670103	0.992726391898	0.060606060606
rda	rda_MEG-T2	101	0.321428571429	0.409523809524	0.352577319588	0.924444341666	0.435643564356
rda	rda_MEG-TR	38	0.196531791908	0.503106069375	0.464261006289	0.989743589744	0.052631578947
rda	rda_Rhin-1	101	0.088397790055	0.061452513966	0.045303867403	0.839247957338	0.455445544554
rle	rle_MEG-RL	101	0.067632850242	0.053140096618	0.039805825243	0.739870101447	0.60396039604
rle	rle_MEG-RS	101	0.088888888889	0.074074074074	0.052592592593	0.849067867726	0.366336633663
rle	rle_MEG-T2	101	0.131782945736	0.121568627451	0.0844	0.889554266892	0.386138613861
rle	rle_MEG-TR	101	0.071428571429	0.061224489796	0.042857142857	0.772293744707	0.534653465347
rle	rle_Rhin-1	10	0.044444444444	0.354497354497	0.346759259259	1.0	0.0
rle	rle_VES	15	0.102803738318	0.378947368421	0.369473684211	0.996428571429	0.0
rmi	rmi_MEG-RL	9	0.023952095808	0.26	0.248	1.0	0.0
rmi	rmi_MEG-RS	101	0.11214953271	0.367924528302	0.352427184466	0.969819249884	0.089108910891
rmi	rmi_MEG-T2	101	0.230769230769	0.458646616541	0.414960629921	0.973728890401	0.188118811881
rmi	rmi_MEG-TR	88	0.194736842105	0.18085106383	0.135372340426	0.995555991095	0.056818181818
rmi	rmi_Rhin-1	101	0.157534246575	0.103806228374	0.067013888889	0.983192522124	0.19801980198
rmi	rmi_VES	101	0.142394822006	0.091803278689	0.073615635179	0.982931794361	0.148514851485
rna	rna_MEG-RL	54	0.102941176471	0.225284339458	0.193835978836	0.976269898649	0.148148148148
rna	rna_MEG-RS	101	0.135922330097	0.166666666667	0.123529411765	0.993959910013	0.089108910891
rna	rna_MEG-T2	101	0.22	0.43	0.394	0.932791987903	0.336633663366
rna	rna_MEG-TR	25	0.133333333333	0.4375	0.417543859649	0.958261221804	0.4
rna	rna_Rhin-1	101	0.024096385542	0.160256410256	0.153658536585	0.993808392988	0.158415841584
rna	rna_VES	101	0.037914691943	0.056872037915	0.054187192118	0.99807155934	0.039603960396
rre	rre_MEG-RL	20	0.058823529412	0.402473763118	0.375183658171	0.986466165414	0.2
rre	rre_MEG-RS	38	0.09756097561	0.260162601626	0.235034894597	0.995567716949	0.0
rre	rre_MEG-T2	101	0.275862068966	0.4125	0.373563218391	0.917510554604	0.376237623762
rre	rre_MEG-TR	54	0.210084033613	0.004228499911	0.004228499911	0.99824383815	0.018518518519
rre	rre_Rhin-1	101	0.088397790055	0.060773480663	0.041988950276	0.869759638508	0.425742574257
rsi	rsi_MEG-RL	23	0.060606060606	0.251968503937	0.228787878788	0.99209486166	0.086956521739
rsi	rsi_MEG-RS	101	0.111111111111	0.059829059829	0.052136752137	0.979544007694	0.009900990099
rsi	rsi_MEG-T2	101	0.295652173913	0.446428571429	0.396226415094	0.93485048039	0.346534653465
rsi	rsi_MEG-TR	101	0.192513368984	0.021505376344	0.021390374332	0.988744615217	0.09900990099
rsi	rsi_r10_19seqs	101	0.157534246575	0.054794520548	0.024657534247	0.48833598649	0.722772277228
rsi	rsi_r1_9seqs	101	0.095541401274	0.031847133758	0.026114649682	0.964067628296	0.29702970297
rsi	rsi_r2_3seqs	101	0.123287671233	0.013698630137	0.007534246575	0.899728091727	0.475247524752
rsi	rsi_r3_58seqs	101	0.089552238806	0.024875621891	0.01144278607	0.722997914978	0.455445544554
rsi	rsi_r4_32seqs	68	0.085714285714	0.226139978791	0.21190349947	0.995752318269	0.058823529412
rsi	rsi_r5_27seqs	101	0.090395480226	0.056497175141	0.037288135593	0.822574614334	0.50495049505
rsi	rsi_r6_210seqs	101	0.088888888889	0.04	0.028	0.668800200843	0.623762376238
rsi	rsi_r7_133seqs	101	0.090909090909	0.032467532468	0.02012987013	0.756762947543	0.534653465347
rsi	rsi_r8_83seqs	101	0.088397790055	0.055248618785	0.040331491713	0.808571882292	0.465346534653
rsi	rsi_r9_15seqs	101	0.114285714286	0.038095238095	0.020952380952	0.653565154266	0.544554455446
rsi_v2	rsi_MEG-RL	26	0.085365853659	0.310175929628	0.28350159936	0.995896032832	0.153846153846
rsi_v2	rsi_MEG-RS	101	0.101851851852	0.064814814815	0.056481481481	0.999274099447	0.0
rsi_v2	rsi_MEG-T2	101	0.300884955752	0.409090909091	0.347422680412	0.935146787	0.346534653465
rsi_v2	rsi_MEG-TR	101	0.199312714777	0.024054982818	0.020962199313	0.995349560847	0.059405940594
rsi_v2	rsi_r10_19seqs	101	0.157534246575	0.075342465753	0.03904109589	0.733923653332	0.594059405941
rsi_v2	rsi_r10_groupB	101	0.148325358852	0.110275689223	0.080670103093	0.912532071072	0.39603960396
rsi_v2	rsi_r1_9seqs	101	0.095541401274	0.031847133758	0.02101910828	0.923819143643	0.326732673267
rsi_v2	rsi_r1_r3	101	0.093670886076	0.030379746835	0.019240506329	0.699707648551	0.524752475248
rsi_v2	rsi_r2_3seqs	89	0.125925925926	0.208333333333	0.183783783784	0.99435143691	0.067415730337
rsi_v2	rsi_r3_58seqs	101	0.09	0.045454545455	0.0315	0.877015760857	0.425742574257
rsi_v2	rsi_r4_32seqs	42	0.068376068376	0.383829929695	0.36847260749	0.98544260897	0.261904761905
rsi_v2	rsi_r5_27seqs	101	0.090395480226	0.056497175141	0.037288135593	0.821294155945	0.544554455446
rsi_v2	rsi_r5h_r6	101	0.111111111111	0.055710306407	0.033611111111	0.621591668575	0.594059405941
rsi_v2	rsi_r6_210seqs	101	0.088888888889	0.044444444444	0.028888888889	0.759519027906	0.613861386139
rsi_v2	rsi_r7_133seqs	101	0.090909090909	0.032467532468	0.02012987013	0.756762947543	0.534653465347
rsi_v2	rsi_r8_83seqs	101	0.088397790055	0.055555555556	0.040883977901	0.815083055012	0.465346534653
rsi_v2	rsi_r9_15seqs	101	0.114285714286	0.038095238095	0.020952380952	0.657957799962	0.554455445545
rsi_v3	rsi_MEG-RL	101	0.113043478261	0.04347826087	0.035652173913	0.998742847634	0.019801980198
rsi_v3	rsi_MEG-T2	101	0.295652173913	0.446428571429	0.396226415094	0.93485048039	0.346534653465
rsi_v3	rsi_MEG-TR	22	0.231404958678	0.395353302611	0.354336247613	0.975141242938	0.272727272727
rsi_v3	rsi_r10_19seqs	101	0.157534246575	0.075342465753	0.038620689655	0.758853434617	0.613861386139
rsi_v3	rsi_r10_r8_P18	101	0.155339805825	0.097087378641	0.062621359223	0.890991706098	0.415841584158
rsi_v3	rsi_r1_9seqs	101	0.096153846154	0.051282051282	0.039743589744	0.907066916789	0.356435643564
rsi_v3	rsi_r1_r3_P1	101	0.088167053364	0.032558139535	0.02180974478	0.772964811834	0.514851485149
rsi_v3	rsi_r1_r3_P2	101	0.069204152249	0.031358885017	0.025087108014	0.927649489008	0.386138613861
rsi_v3	rsi_r2_3seqs	65	0.139705882353	0.322834645669	0.287401574803	0.993791942641	0.061538461538
rsi_v3	rsi_r3_58seqs	101	0.090452261307	0.070351758794	0.04797979798	0.932945310231	0.316831683168
rsi_v3	rsi_r3_r3_P12	101	0.080898876404	0.018099547511	0.012359550562	0.87646344065	0.445544554455
rsi_v3	rsi_r5_27seqs	101	0.090909090909	0.051136363636	0.035795454545	0.844092787347	0.663366336634
rsi_v3	rsi_r5_r3_P34	101	0.109289617486	0.057534246575	0.036885245902	0.784950853471	0.534653465347
rsi_v3	rsi_r5_r6_P26	101	0.106666666667	0.066666666667	0.04435483871	0.748949978284	0.485148514851
rsi_v3	rsi_r6_210seqs	101	0.088888888889	0.044444444444	0.028888888889	0.770565778865	0.50495049505
rsi_v3	rsi_r7_133seqs	101	0.133333333333	0.038095238095	0.02	0.774334849009	0.534653465347
rsi_v3	rsi_r8_83seqs	101	0.088397790055	0.055555555556	0.040883977901	0.806589537096	0.465346534653
saq	saq_s1_30seqs	100	NA	NA	NA	NA	NA
saq	saq_s2_38seqs	100	NA	NA	NA	NA	NA
saq	saq_s3_43seqs	100	NA	NA	NA	NA	NA
saq	saq_s4_60seqs	100	NA	NA	NA	NA	NA
saq	saq_s5_5seqs	100	NA	NA	NA	NA	NA
saq	saq_s6_7seqs	100	NA	NA	NA	NA	NA
saq	saq_s7g_172seqs	100	NA	NA	NA	NA	NA
saq	saq_s8_225seqs	100	NA	NA	NA	NA	NA
saq	saq_s9_20seqs	100	NA	NA	NA	NA	NA
sco	sco_g01	100	0.026315789474	0.0	0.0	NA	0.0
sco	sco_g02	100	0.095890410959	0.167832167832	0.148781080031	0.860948951981	0.43
sco	sco_g03	100	0.125	0.0859375	0.0859375	0.94413757823	0.36
sco	sco_g04	100	0.039473684211	0.013157894737	0.013157894737	0.989931736545	0.02
sco	sco_g05	100	0.113989637306	0.025906735751	0.025906735751	0.881130193681	0.07
sco	sco_g06	100	0.100628930818	0.024297366352	0.019242098559	0.996691110277	0.01
sco	sco_g07	100	0.075187969925	0.03007518797	0.03007518797	0.950844262511	0.22
sco	sco_g08	100	0.163265306122	0.030612244898	0.020918367347	0.939115687314	0.3
sco	sco_g09	100	0.102941176471	0.067164179104	0.06	0.952391720312	0.263157894737
sco	sco_g10	100	0.065359477124	0.484375	0.47734375	0.983392221174	0.07
sco	sco_g11	100	0.136054421769	0.108843537415	0.078571428571	0.786647424151	0.47
sco	sco_g12	100	0.026666666667	0.12	0.117432432432	0.984295253168	0.08
sco	sco_g13	100	0.0	0.006622516556	0.006622516556	1.0	0.0
sco	sco_g14	100	0.056338028169	0.084507042254	0.074004171011	0.984206296977	0.15
sco	sco_g15	100	0.071428571429	0.092024539877	0.08183800844	0.985996006495	0.16
sco	sco_g16	100	0.054054054054	0.02027027027	0.02027027027	0.91238913593	0.67
sco	sco_g17	100	0.04	0.0	0.0	0.99682765972	0.0
sco	sco_g18	100	0.013513513514	0.0	0.0	NA	0.0
sco	sco_g19	100	0.078947368421	0.033333333333	0.026846846847	0.973104798907	0.12
sco	sco_g20	100	0.064516129032	0.243902439024	0.226016260163	0.988660608258	0.15
sco	sco_g21	100	0.04	0.006666666667	0.006666666667	0.984943940681	0.1
sco	sco_g22	100	0.013513513514	0.0	0.0	NA	0.0
sco	sco_g23	100	0.053333333333	0.08	0.068	0.970965476595	0.17
sco	sco_g24	100	0.055555555556	0.483119266055	0.469440993789	0.989359660907	0.21
sco	sco_g25	100	0.097902097902	0.006993006993	0.006993006993	0.964097915602	0.26
sco	sco_g26	100	0.068027210884	0.013698630137	0.013652036157	0.951941464576	0.39
sco	sco_g27	100	0.133333333333	0.081081081081	0.055555051696	0.827619995347	0.46
sco	sco_g28	100	0.133333333333	0.173914988814	0.164803750121	0.992690569295	0.09
sco	sco_g29	100	0.108843537415	0.096221067548	0.071428571429	0.815188828384	0.49
tbr	tbr_MEG-RL	15	0.082802547771	0.364864864865	0.352702702703	0.996428571429	0.0
tbr	tbr_MEG-RS	101	0.145161290323	0.210084033613	0.179032258065	0.990957088156	0.118811881188
tbr	tbr_MEG-T2	93	0.296296296296	0.393939393939	0.344230769231	0.920235009378	0.344086021505
tbr	tbr_MEG-TR	27	0.09375	0.419047619048	0.402912621359	0.986531986532	0.148148148148
tbr	tbr_Rhin-1	101	0.033898305085	0.137931034483	0.127586206897	0.986509552739	0.188118811881
tbr	tbr_VES	101	0.100456621005	0.096774193548	0.071889400922	0.918061060891	0.29702970297
teu	teu_t1_45seqs	100	NA	NA	NA	NA	NA
teu	teu_t2_75seqs	100	NA	NA	NA	NA	NA
teu	teu_t3_27seqs	100	NA	NA	NA	NA	NA
teu	teu_t4_92seqs	100	NA	NA	NA	NA	NA
teu	teu_t5_31seqs	100	NA	NA	NA	NA	NA
teu	teu_t6_324seqs	100	NA	NA	NA	NA	NA
tim	tim_t1-2	100	0.149606299213	0.122047244094	0.103543307087	0.676908137674	0.55
tim	tim_t1-3	100	0.110236220472	0.114173228346	0.09625984252	0.772375249868	0.53
tim	tim_t1-4	100	0.140495867769	0.247933884298	0.218412942989	0.800573877573	0.5
tim	tim_t1_1	100	0.151515151515	0.018939393939	0.015151515152	0.860545010019	0.44
tim	tim_t2	100	0.125	0.098684210526	0.083360474205	0.8572066322	0.38
tim	tim_t3-1	100	0.090277777778	0.006944444444	0.003819444444	0.921479511593	0.62
tim	tim_t3-2	100	0.086378737542	0.02	0.017441860465	0.903065678832	0.18
tim	tim_t6-1	100	0.098265895954	0.110787172012	0.098979963725	0.879685754062	0.41
tim	tim_t6-2	100	0.099706744868	0.12628514749	0.108406502084	0.881706214141	0.45
tim	tim_t6-3	100	0.093567251462	0.163447611982	0.14591724077	0.959553985242	0.28
tim	tim_t6-4	100	0.073394495413	0.167442262946	0.152119437708	0.964972563709	0.25
tim	tim_t6-5	100	0.070796460177	0.155211406096	0.139245821042	0.956910848126	0.27
tim	tim_t8-1	100	0.077464788732	0.088183695814	0.0758379784	0.809363903145	0.44
tim	tim_t8-2	100	0.091666666667	0.108559972106	0.097071129707	0.734432043208	0.6
timb	timb_SINE_0	100	0.066115702479	0.212315182113	0.20063559322	0.926209920253	0.42
timb	timb_SINE_10	100	0.048192771084	0.253944630822	0.246552933673	0.987359546459	0.18
timb	timb_SINE_11	100	0.048632218845	0.2326675784	0.221229679704	0.944009948229	0.29
timb	timb_SINE_12	100	0.081632653061	0.207482993197	0.195408163265	0.876147056849	0.48
timb	timb_SINE_13	100	0.029702970297	0.268656716418	0.259747244944	0.975962699004	0.18
timb	timb_SINE_14	100	0.081218274112	0.225641025641	0.211430499325	0.911868384787	0.47
timb	timb_SINE_15	100	0.045662100457	0.288780532264	0.282748289585	0.957239910483	0.24
timb	timb_SINE_16	100	0.083333333333	0.351832259306	0.329765480896	0.9838341895	0.17
timb	timb_SINE_17	100	0.075376884422	0.236910635965	0.216187028287	0.932050778182	0.35
timb	timb_SINE_18	100	0.111111111111	0.130841578624	0.124253731343	0.925655013485	0.45
timb	timb_SINE_19	100	0.059259259259	0.25	0.24150057479	0.966989709097	0.26
timb	timb_SINE_1	100	0.067039106145	0.207865168539	0.197746460992	0.907512452052	0.44
timb	timb_SINE_20	100	0.064724919094	0.294693678415	0.277390308846	0.992472044061	0.15
timb	timb_SINE_21	10	0.058064516129	0.535185185185	0.526960547504	0.963636363636	0.0
timb	timb_SINE_22	100	0.077419354839	0.241377078884	0.220196725555	0.918714061631	0.29
timb	timb_SINE_23	100	0.058631921824	0.321721591168	0.312171450699	0.994011257414	0.14
timb	timb_SINE_24	100	0.074418604651	0.214953271028	0.205581395349	0.856411794585	0.46
timb	timb_SINE_25	100	0.0	0.202614379085	0.202614379085	1.0	0.0
timb	timb_SINE_26	100	0.073170731707	0.222222222222	0.208396222764	0.924069113904	0.38
timb	timb_SINE_27	100	0.070422535211	0.221416337286	0.20980134218	0.951829685841	0.25
timb	timb_SINE_28	100	0.078947368421	0.259868421053	0.245394736842	0.890230079148	0.44
timb	timb_SINE_29	100	0.02787456446	0.168421052632	0.162105263158	0.934263235789	0.32
timb	timb_SINE_2	100	0.070967741935	0.201300823293	0.194165178102	0.938352911326	0.28
timb	timb_SINE_30	100	0.102739726027	0.224525712922	0.205163526484	0.853994753597	0.42
timb	timb_SINE_31	100	0.069868995633	0.214912280702	0.199561403509	0.891356839541	0.48
timb	timb_SINE_32	100	0.090909090909	0.143790849673	0.143790849673	0.935180688652	0.17
timb	timb_SINE_33	46	0.041666666667	0.429674252566	0.419801387368	0.99111933395	0.086956521739
timb	timb_SINE_34	100	0.128712871287	0.215540201005	0.19900990099	0.826243288377	0.43
timb	timb_SINE_35	100	0.093525179856	0.24528194391	0.226799529785	0.964247138045	0.2
timb	timb_SINE_36	100	0.062111801242	0.10248447205	0.096894409938	0.949344126159	0.32
timb	timb_SINE_37	100	0.059800664452	0.21926910299	0.210465116279	0.934541254943	0.32
timb	timb_SINE_38	53	0.069620253165	0.296296296296	0.279513888889	0.988388034027	0.11320754717
timb	timb_SINE_39	85	0.065217391304	0.311111111111	0.294444444444	0.989334518941	0.070588235294
timb	timb_SINE_3	76	0.10332103321	0.332641770401	0.306202046036	0.974044529412	0.184210526316
timb	timb_SINE_40	76	0.047945205479	0.413633958493	0.405435222672	0.994019097898	0.078947368421
timb	timb_SINE_41	100	0.09243697479	0.209821428571	0.192149292149	0.825487224668	0.54
timb	timb_SINE_42	32	0.103703703704	0.309002594983	0.296561647482	0.99706744868	0.0625
timb	timb_SINE_43	100	0.088397790055	0.288626317579	0.27551369863	0.978943388998	0.24
timb	timb_SINE_44	100	0.068181818182	0.216062653563	0.202651515152	0.955350033657	0.33
timb	timb_SINE_45	100	0.049261083744	0.182266009852	0.173333170755	0.917935461736	0.47
timb	timb_SINE_46	11	0.027777777778	0.34749034749	0.338211382114	0.981818181818	0.363636363636
timb	timb_SINE_47	100	0.0	0.164102564103	0.164102564103	1.0	0.0
timb	timb_SINE_48	100	0.051612903226	0.239095939033	0.230327956989	0.966121675674	0.26
timb	timb_SINE_49	100	0.035842293907	0.197132616487	0.190681003584	0.955859228098	0.3
timb	timb_SINE_4	100	0.035842293907	0.3	0.292607626076	0.99286200836	0.1
timb	timb_SINE_50	54	0.02492211838	0.297246930594	0.29516896938	0.996817168414	0.074074074074
timb	timb_SINE_51	100	0.039603960396	0.20297029703	0.194059405941	0.92566969474	0.3
timb	timb_SINE_52	84	0.078291814947	0.311811484674	0.290766283525	0.991434472704	0.166666666667
timb	timb_SINE_53	100	0.086378737542	0.245819210935	0.22621017191	0.949546832599	0.28
timb	timb_SINE_54	100	0.028169014085	0.242957746479	0.236684417459	0.972596112736	0.21
timb	timb_SINE_5	100	0.096385542169	0.202429149798	0.189835577956	0.839151911959	0.43
timb	timb_SINE_6	100	0.073578595318	0.247309615953	0.223850154396	0.965595877805	0.24
timb	timb_SINE_7	100	0.066225165563	0.197324414716	0.185953177258	0.88999656066	0.41
timb	timb_SINE_8	100	0.074074074074	0.240207346522	0.222838668837	0.945794303217	0.35
timb	timb_SINE_9	100	0.0234375	0.231406798527	0.227520640702	0.987352863918	0.18
tni	tni_MEG-RL	13	0.0	0.314516129032	0.314516129032	1.0	0.0
tni	tni_MEG-RS	101	0.118644067797	0.228813559322	0.191452991453	0.97214382148	0.247524752475
tni	tni_MEG-T2	101	0.205607476636	0.4	0.361386138614	0.957314945754	0.356435643564
tni	tni_MEG-TR	18	0.121212121212	0.398795180723	0.367083333333	0.94427244582	0.277777777778
tni	tni_Rhin-1	101	0.035087719298	0.15923566879	0.148538011696	0.991492869926	0.138613861386
tni	tni_VES	101	0.053811659193	0.113122171946	0.098173515982	0.953383255185	0.326732673267
toc	toc_t1_45seqs	100	NA	NA	NA	NA	NA
toc	toc_t2_75seqs	100	NA	NA	NA	NA	NA
toc	toc_t3_27seqs	100	NA	NA	NA	NA	NA
toc	toc_t4_92seqs	100	NA	NA	NA	NA	NA
toc	toc_t5_31seqs	100	NA	NA	NA	NA	NA
toc	toc_t6_324seqs	100	NA	NA	NA	NA	NA
tpe	tpe_MEG-RL	17	0.041666666667	0.352517985612	0.346043165468	0.999387067059	0.0
tpe	tpe_MEG-RS	58	0.154471544715	0.144326929995	0.109781279229	0.997497144919	0.086206896552
tpe	tpe_MEG-T2	101	0.295652173913	0.412844036697	0.362608695652	0.92357115323	0.306930693069
tpe	tpe_MEG-TR	27	0.16393442623	0.460784313725	0.428703703704	0.982295482295	0.222222222222
tpe	tpe_Rhin-1	101	0.041884816754	0.047120418848	0.042408376963	0.978753129363	0.237623762376
tpe	tpe_VES	91	0.041666666667	0.217877094972	0.217741935484	0.997841995907	0.087912087912
ttr	ttr_MEG-RL	2	0.017621145374	0.232142857143	0.225255102041	1.0	0.0
ttr	ttr_MEG-RS	90	0.093023255814	0.330601626016	0.297967479675	0.991418500495	0.133333333333
ttr	ttr_MEG-T2	91	0.285714285714	0.416666666667	0.369	0.939826394068	0.263736263736
ttr	ttr_MEG-TR	28	0.184210526316	0.385620915033	0.353159233177	0.970302458792	0.214285714286
ttr	ttr_Rhin-1	101	0.038709677419	0.184931506849	0.175974025974	0.994938523169	0.09900990099
ttr	ttr_VES	101	0.009216589862	0.133640552995	0.129493087558	0.992812001102	0.079207920792
vmu	vmu_MEG-RL	8	0.066176470588	0.355332076262	0.344301278022	0.97619047619	0.0
vmu	vmu_MEG-RS	101	0.114285714286	0.021828103683	0.019529085873	0.928985545886	0.39603960396
vmu	vmu_MEG-T2	101	0.170212765957	0.240909090909	0.22	0.989996884142	0.158415841584
vmu	vmu_MEG-TR	91	0.051464063886	0.116322701689	0.108724202627	0.999119932341	0.10989010989
vmu	vmu_Rhin-1	101	0.027397260274	0.167832167832	0.162676056338	0.997440072271	0.089108910891
vmu	vmu_VES	101	0.082191780822	0.041095890411	0.032568807339	0.833765549928	0.524752475248
zeb	zeb_7SLRNA	100	0.15	0.170347003155	0.156556223296	0.954143720783	0.24
zeb	zeb_DANA	64	0.131979695431	0.30662109225	0.27861170977	0.989055774338	0.15625
zeb	zeb_HE1_DR1	100	0.094527363184	0.123581533216	0.104314720812	0.954641503964	0.23
zeb	zeb_HE2_DR	100	0.115702479339	0.03591160221	0.026243294186	0.860933358796	0.38
zeb	zeb_LmeSINE1c	100	0.082644628099	0.434782608696	0.402521186441	0.974235862612	0.22
zeb	zeb_SINE2-1B_DR	100	0.121212121212	0.06903229183	0.05303030303	0.891174760948	0.39
zeb	zeb_SINE2-1_DR	100	0.141414141414	0.091139824642	0.068782209854	0.91132283598	0.42
zeb	zeb_SINE2-2_DR	100	0.060790273556	0.202359287664	0.179233381332	0.990253387926	0.18
zeb	zeb_SINE2-3_DR	100	0.125	0.041208791209	0.033104395604	0.823383600061	0.51
zeb	zeb_SINE2-4_DR	100	0.08064516129	0.069105691057	0.057575584433	0.882066364581	0.46
zeb	zeb_SINE2-5_DR	100	0.113475177305	0.116104868914	0.089951458907	0.858269079273	0.48
zeb	zeb_SINE3-1	100	0.064406779661	0.025510204082	0.02404412529	0.946846951921	0.29
zeb	zeb_SINE3-1a	100	0.080701754386	0.022807017544	0.019700982698	0.890733415628	0.39
zeb	zeb_SINE_DR1	100	0.023346303502	0.145429159318	0.140002285938	0.988852782456	0.2
zeb	zeb_SINE_TE	100	0.108303249097	0.31906614786	0.294163424125	0.892301574272	0.38
